<?xml version="1.0"?>
<top>
  <System id="Circulatory System">Circulatory System<Organ id="Circulatory System_Pituitary">Pituitary<OrganContacts><OrganContactOrgan>Artery</OrganContactOrgan><OrganContactOrgan>Brain</OrganContactOrgan><OrganContactOrgan>Vein</OrganContactOrgan><OrganContactLumen></OrganContactLumen></OrganContacts><CommonSystem>Endocrine System</CommonSystem><Tissue id="Circulatory System_Pituitary_Anterior Pituitary ">Anterior Pituitary <Cell>Corticotroph<CellContactCell>Corticotroph</CellContactCell><CellContactCell>Gondotroph</CellContactCell><CellContactCell>Mammotroph</CellContactCell><CellContactCell>Somatotroph</CellContactCell><CellContactCell>Thyrotroph</CellContactCell><CellContactLumen>Periplasmic Space of Pituitary</CellContactLumen></Cell><Cell>Gondotroph<CellContactCell>Corticotroph</CellContactCell><CellContactCell>Gondotroph</CellContactCell><CellContactCell>Mammotroph</CellContactCell><CellContactCell>Somatotroph</CellContactCell><CellContactCell>Thyrotroph</CellContactCell><CellContactLumen>Periplasmic Space of Pituitary</CellContactLumen></Cell><Cell>Mammotroph<CellContactCell>Corticotroph</CellContactCell><CellContactCell>Gondotroph</CellContactCell><CellContactCell>Mammotroph</CellContactCell><CellContactCell>Somatotroph</CellContactCell><CellContactCell>Thyrotroph</CellContactCell><CellContactLumen>Periplasmic Space of Pituitary</CellContactLumen></Cell><Cell>Thyrotroph<CellContactCell>Corticotroph</CellContactCell><CellContactCell>Gondotroph</CellContactCell><CellContactCell>Mammotroph</CellContactCell><CellContactCell>Somatotroph</CellContactCell><CellContactCell>Thyrotroph</CellContactCell><CellContactLumen>Periplasmic Space of Pituitary</CellContactLumen></Cell><Cell>XP<CellContactCell>Corticotroph</CellContactCell><CellContactCell>Gondotroph</CellContactCell><CellContactCell>Mammotroph</CellContactCell><CellContactCell>Somatotroph</CellContactCell><CellContactCell>Thyrotroph</CellContactCell><CellContactLumen>Periplasmic Space of Pituitary</CellContactLumen></Cell></Tissue><Tissue id="Circulatory System_Pituitary_Intermediate Pituitary ">Intermediate Pituitary <Cell>Melanotroph<CellContactCell>Melanotroph</CellContactCell><CellContactLumen>Periplasmic Space of Pituitary</CellContactLumen></Cell></Tissue><Tissue id="Circulatory System_Pituitary_Pituitary Capillary">Pituitary Capillary<Cell>Endothelial Cell<CellContactCell>Corticotroph</CellContactCell><CellContactCell>Endothelial Cell</CellContactCell><CellContactCell>Gondotroph</CellContactCell><CellContactCell>Mammotroph</CellContactCell><CellContactCell>Melanotroph</CellContactCell><CellContactCell>Pericyte</CellContactCell><CellContactCell>Pituitcyte</CellContactCell><CellContactCell>Somatotroph</CellContactCell><CellContactCell>Thyrotroph</CellContactCell><CellContactLumen>Lumen of Artery of the Inferior Cavernous Sinus</CellContactLumen><CellContactLumen>Lumen of Capsular Artery</CellContactLumen><CellContactLumen>Lumen of Dural Venous Sinus</CellContactLumen><CellContactLumen>Lumen of Inferior Hypophyseal Artery</CellContactLumen><CellContactLumen>Lumen of Inferior Hypophyseal Vein</CellContactLumen><CellContactLumen>Lumen of Infundibular Artery</CellContactLumen><CellContactLumen>Lumen of Pituitary Capillary</CellContactLumen><CellContactLumen>Lumen of Prechiasmal Artery</CellContactLumen></Cell><Cell>Pericyte</Cell></Tissue><Tissue id="Circulatory System_Pituitary_Pituitary Stalk ">Pituitary Stalk </Tissue><Tissue id="Circulatory System_Pituitary_Posterior Pituitary ">Posterior Pituitary <Cell>Dopamine thRRNeuron<CellContactCell>Pituitcyte</CellContactCell><CellContactLumen>Periplasmic Space of Pituitary</CellContactLumen></Cell><Cell>Magnocellular Neruon<CellContactCell>Pituitcyte</CellContactCell><CellContactLumen>Periplasmic Space of Pituitary</CellContactLumen></Cell><Cell>Neuroendocrine Neuron<CellContactCell>Pituitcyte</CellContactCell><CellContactLumen>Periplasmic Space of Pituitary</CellContactLumen></Cell><Cell>Parvocellular Neuron<CellContactCell>Pituitcyte</CellContactCell><CellContactLumen>Periplasmic Space of Pituitary</CellContactLumen></Cell><Cell>Pituitcyte<CellContactCell>Pituitcyte</CellContactCell><CellContactLumen>Periplasmic Space of Pituitary</CellContactLumen></Cell></Tissue><Part>Artery of the Inferior Cavernous Sinus</Part><Part>Capsular Artery</Part><Part>Dural Venous Sinus</Part><Part>Inferior Hypophyseal Artery</Part><Part>Inferior Hypophyseal Vein</Part><Part>Infundibular Artery</Part><Part>Prechiasmal Artery</Part><Part>Superior Hypophyseal Artery</Part></Organ></System>
  <System id="Digestive System">Digestive System<Organ id="Digestive System_Pancreas">Pancreas<OrganContacts><OrganContactOrgan>Artery</OrganContactOrgan><OrganContactOrgan>Duodenum</OrganContactOrgan><OrganContactOrgan>Vein</OrganContactOrgan><OrganContactLumen>Lumen of Duodenum<LumenConnectedLumen>Lumen of main pancreatic duct</LumenConnectedLumen></OrganContactLumen></OrganContacts><CommonSystem>Endocrine System</CommonSystem><Tissue id="Digestive System_Pancreas_Adrenergic vasoconstrictor terminals">Adrenergic vasoconstrictor terminals</Tissue><Tissue id="Digestive System_Pancreas_Adventitia of accessory pancreatic duct">Adventitia of accessory pancreatic duct<Cell>Fibroblast<CellContactMatrix>Septa</CellContactMatrix></Cell></Tissue><Tissue id="Digestive System_Pancreas_Adventitia of main pancreatic duct">Adventitia of main pancreatic duct<Cell>Fibroblast<CellContactMatrix>Septa</CellContactMatrix></Cell></Tissue><Tissue id="Digestive System_Pancreas_Capillary">Capillary</Tissue><Tissue id="Digestive System_Pancreas_Cholinergic nerve tissue">Cholinergic nerve tissue</Tissue><Tissue id="Digestive System_Pancreas_Endocrine pancreas">Endocrine pancreas<Cell>Alpha cell<CellContactCell>Alpha cell</CellContactCell><CellContactCell>Beta cell</CellContactCell><CellContactCell>Delta cell</CellContactCell><CellContactCell>F cell</CellContactCell></Cell><Cell>Beta cell<CellContactCell>Beta cell</CellContactCell><CellContactCell>Delta cell</CellContactCell><CellContactCell>F cell</CellContactCell></Cell><Cell>Delta cell<CellContactCell>F cell</CellContactCell></Cell><Cell>F cell<CellContactCell>F cell</CellContactCell></Cell></Tissue><Tissue id="Digestive System_Pancreas_Exocrine pancreas">Exocrine pancreas<Cell>Adipocyte</Cell><Cell>Stellate cell<CellContactTissue>Pancreatic acinus</CellContactTissue></Cell></Tissue><Tissue id="Digestive System_Pancreas_Fenestrated capillary">Fenestrated capillary</Tissue><Tissue id="Digestive System_Pancreas_Greater Omentum">Greater Omentum</Tissue><Tissue id="Digestive System_Pancreas_Intercalated pancreatic duct">Intercalated pancreatic duct<Cell>Intercalated duct cell<CellContactLumen>Lumen of intercalated pancreatic duct</CellContactLumen></Cell></Tissue><Tissue id="Digestive System_Pancreas_Interlobular pancreatic duct">Interlobular pancreatic duct<Cell>Stratified cuboidal epithelial cell<CellContactLumen>Lumen of accessory pancreatic duct</CellContactLumen><CellContactLumen>Lumen of interlobular pancreatic duct</CellContactLumen><CellContactLumen>Lumen of intralobular pancreatic duct</CellContactLumen><CellContactLumen>Lumen of main pancreatic duct</CellContactLumen></Cell></Tissue><Tissue id="Digestive System_Pancreas_Intima of accessory pancreatic duct">Intima of accessory pancreatic duct<Cell>Stratified cuboidal epithelial cell<CellContactLumen>Lumen of accessory pancreatic duct</CellContactLumen><CellContactLumen>Lumen of interlobular pancreatic duct</CellContactLumen><CellContactLumen>Lumen of intralobular pancreatic duct</CellContactLumen><CellContactLumen>Lumen of main pancreatic duct</CellContactLumen></Cell></Tissue><Tissue id="Digestive System_Pancreas_Intima of main pancreatic duct">Intima of main pancreatic duct<Cell>Stratified cuboidal epithelial cell<CellContactLumen>Lumen of accessory pancreatic duct</CellContactLumen><CellContactLumen>Lumen of interlobular pancreatic duct</CellContactLumen><CellContactLumen>Lumen of intralobular pancreatic duct</CellContactLumen><CellContactLumen>Lumen of main pancreatic duct</CellContactLumen></Cell></Tissue><Tissue id="Digestive System_Pancreas_Intralobular pancreatic duct">Intralobular pancreatic duct<Cell>Stratified cuboidal epithelial cell<CellContactLumen>Lumen of accessory pancreatic duct</CellContactLumen><CellContactLumen>Lumen of interlobular pancreatic duct</CellContactLumen><CellContactLumen>Lumen of intralobular pancreatic duct</CellContactLumen><CellContactLumen>Lumen of main pancreatic duct</CellContactLumen></Cell></Tissue><Tissue id="Digestive System_Pancreas_Lobule of pancreas">Lobule of pancreas</Tissue><Tissue id="Digestive System_Pancreas_Media of accessory pancreatic duct">Media of accessory pancreatic duct<Cell>Smooth muscle cell</Cell></Tissue><Tissue id="Digestive System_Pancreas_Media of main pancreatic duct">Media of main pancreatic duct<Cell>Smooth muscle cell</Cell></Tissue><Tissue id="Digestive System_Pancreas_Neuroinsular complex">Neuroinsular complex<Cell>Ganglion cell</Cell></Tissue><Tissue id="Digestive System_Pancreas_Pancreatic acinus">Pancreatic acinus<Cell>Acinar cell<CellContactCell>Acinar cell</CellContactCell><CellContactCell>Centro-acinar cell</CellContactCell><CellContactLumen>Lumen of pancreatic acinus</CellContactLumen></Cell><Cell>Centro-acinar cell<CellContactCell>Centro-acinar cell</CellContactCell><CellContactCell>Intercalated duct cell</CellContactCell><CellContactLumen>Lumen of pancreatic acinus</CellContactLumen></Cell><Cell>Neuroendocrine cell<CellContactLumen>Lumen of pancreatic acinus</CellContactLumen></Cell></Tissue><Tissue id="Digestive System_Pancreas_Parasympathetic secretomotor terminal">Parasympathetic secretomotor terminal</Tissue><Tissue id="Digestive System_Pancreas_Peritonium">Peritonium</Tissue><Tissue id="Digestive System_Pancreas_Postganglionic parasympathetic neuron">Postganglionic parasympathetic neuron</Tissue><Tissue id="Digestive System_Pancreas_Postganglionic sympathetic vasomotor terminal">Postganglionic sympathetic vasomotor terminal</Tissue><Tissue id="Digestive System_Pancreas_Preganglionic cholinergic fibre">Preganglionic cholinergic fibre</Tissue><Tissue id="Digestive System_Pancreas_Preganglionic vagal fibre">Preganglionic vagal fibre</Tissue><Tissue id="Digestive System_Pancreas_Simple low cuboidal epithelium">Simple low cuboidal epithelium</Tissue><Tissue id="Digestive System_Pancreas_Stratified cuboidal epithelium">Stratified cuboidal epithelium</Tissue><Tissue id="Digestive System_Pancreas_Sympathetic secretomotor terminal">Sympathetic secretomotor terminal</Tissue><Part>Accessory pancreatic duct<PartContactOrgan>Head of pancreas</PartContactOrgan><PartContactOrgan>Uncinate process</PartContactOrgan></Part><Part>Body of pancreas<PartContactOrgan>Tail of pancreas</PartContactOrgan></Part><Part>Head of pancreas<PartContactOrgan>Neck of pancreas</PartContactOrgan><PartContactOrgan>Uncinate process</PartContactOrgan></Part><Part>Main pancreatic duct<PartContactOrgan>Body of pancreas</PartContactOrgan><PartContactOrgan>Head of pancreas</PartContactOrgan><PartContactOrgan>Neck of pancreas</PartContactOrgan><PartContactOrgan>Tail of pancreas</PartContactOrgan><PartContactOrgan>Uncinate process</PartContactOrgan></Part><Part>Neck of pancreas<PartContactOrgan>Body of pancreas</PartContactOrgan></Part><Part>Tail of pancreas</Part><Part>Uncinate process</Part></Organ></System>
  <System id="Endocrine System">Endocrine System<Organ id="Endocrine System_Pancreas">Pancreas<OrganContacts><OrganContactOrgan>Artery</OrganContactOrgan><OrganContactOrgan>Duodenum</OrganContactOrgan><OrganContactOrgan>Vein</OrganContactOrgan><OrganContactLumen>Lumen of Duodenum<LumenConnectedLumen>Lumen of main pancreatic duct</LumenConnectedLumen></OrganContactLumen></OrganContacts><CommonSystem>Digestive System</CommonSystem><Tissue id="Endocrine System_Pancreas_Adrenergic vasoconstrictor terminals">Adrenergic vasoconstrictor terminals</Tissue><Tissue id="Endocrine System_Pancreas_Adventitia of accessory pancreatic duct">Adventitia of accessory pancreatic duct<Cell>Fibroblast<CellContactMatrix>Septa</CellContactMatrix></Cell></Tissue><Tissue id="Endocrine System_Pancreas_Adventitia of main pancreatic duct">Adventitia of main pancreatic duct<Cell>Fibroblast<CellContactMatrix>Septa</CellContactMatrix></Cell></Tissue><Tissue id="Endocrine System_Pancreas_Capillary">Capillary</Tissue><Tissue id="Endocrine System_Pancreas_Cholinergic nerve tissue">Cholinergic nerve tissue</Tissue><Tissue id="Endocrine System_Pancreas_Endocrine pancreas">Endocrine pancreas<Cell>Alpha cell<CellContactCell>Alpha cell</CellContactCell><CellContactCell>Beta cell</CellContactCell><CellContactCell>Delta cell</CellContactCell><CellContactCell>F cell</CellContactCell></Cell><Cell>Beta cell<CellContactCell>Beta cell</CellContactCell><CellContactCell>Delta cell</CellContactCell><CellContactCell>F cell</CellContactCell></Cell><Cell>Delta cell<CellContactCell>F cell</CellContactCell></Cell><Cell>F cell<CellContactCell>F cell</CellContactCell></Cell></Tissue><Tissue id="Endocrine System_Pancreas_Exocrine pancreas">Exocrine pancreas<Cell>Adipocyte</Cell><Cell>Stellate cell<CellContactTissue>Pancreatic acinus</CellContactTissue></Cell></Tissue><Tissue id="Endocrine System_Pancreas_Fenestrated capillary">Fenestrated capillary</Tissue><Tissue id="Endocrine System_Pancreas_Greater Omentum">Greater Omentum</Tissue><Tissue id="Endocrine System_Pancreas_Intercalated pancreatic duct">Intercalated pancreatic duct<Cell>Intercalated duct cell<CellContactLumen>Lumen of intercalated pancreatic duct</CellContactLumen></Cell></Tissue><Tissue id="Endocrine System_Pancreas_Interlobular pancreatic duct">Interlobular pancreatic duct<Cell>Stratified cuboidal epithelial cell<CellContactLumen>Lumen of accessory pancreatic duct</CellContactLumen><CellContactLumen>Lumen of interlobular pancreatic duct</CellContactLumen><CellContactLumen>Lumen of intralobular pancreatic duct</CellContactLumen><CellContactLumen>Lumen of main pancreatic duct</CellContactLumen></Cell></Tissue><Tissue id="Endocrine System_Pancreas_Intima of accessory pancreatic duct">Intima of accessory pancreatic duct<Cell>Stratified cuboidal epithelial cell<CellContactLumen>Lumen of accessory pancreatic duct</CellContactLumen><CellContactLumen>Lumen of interlobular pancreatic duct</CellContactLumen><CellContactLumen>Lumen of intralobular pancreatic duct</CellContactLumen><CellContactLumen>Lumen of main pancreatic duct</CellContactLumen></Cell></Tissue><Tissue id="Endocrine System_Pancreas_Intima of main pancreatic duct">Intima of main pancreatic duct<Cell>Stratified cuboidal epithelial cell<CellContactLumen>Lumen of accessory pancreatic duct</CellContactLumen><CellContactLumen>Lumen of interlobular pancreatic duct</CellContactLumen><CellContactLumen>Lumen of intralobular pancreatic duct</CellContactLumen><CellContactLumen>Lumen of main pancreatic duct</CellContactLumen></Cell></Tissue><Tissue id="Endocrine System_Pancreas_Intralobular pancreatic duct">Intralobular pancreatic duct<Cell>Stratified cuboidal epithelial cell<CellContactLumen>Lumen of accessory pancreatic duct</CellContactLumen><CellContactLumen>Lumen of interlobular pancreatic duct</CellContactLumen><CellContactLumen>Lumen of intralobular pancreatic duct</CellContactLumen><CellContactLumen>Lumen of main pancreatic duct</CellContactLumen></Cell></Tissue><Tissue id="Endocrine System_Pancreas_Lobule of pancreas">Lobule of pancreas</Tissue><Tissue id="Endocrine System_Pancreas_Media of accessory pancreatic duct">Media of accessory pancreatic duct<Cell>Smooth muscle cell</Cell></Tissue><Tissue id="Endocrine System_Pancreas_Media of main pancreatic duct">Media of main pancreatic duct<Cell>Smooth muscle cell</Cell></Tissue><Tissue id="Endocrine System_Pancreas_Neuroinsular complex">Neuroinsular complex<Cell>Ganglion cell</Cell></Tissue><Tissue id="Endocrine System_Pancreas_Pancreatic acinus">Pancreatic acinus<Cell>Acinar cell<CellContactCell>Acinar cell</CellContactCell><CellContactCell>Centro-acinar cell</CellContactCell><CellContactLumen>Lumen of pancreatic acinus</CellContactLumen></Cell><Cell>Centro-acinar cell<CellContactCell>Centro-acinar cell</CellContactCell><CellContactCell>Intercalated duct cell</CellContactCell><CellContactLumen>Lumen of pancreatic acinus</CellContactLumen></Cell><Cell>Neuroendocrine cell<CellContactLumen>Lumen of pancreatic acinus</CellContactLumen></Cell></Tissue><Tissue id="Endocrine System_Pancreas_Parasympathetic secretomotor terminal">Parasympathetic secretomotor terminal</Tissue><Tissue id="Endocrine System_Pancreas_Peritonium">Peritonium</Tissue><Tissue id="Endocrine System_Pancreas_Postganglionic parasympathetic neuron">Postganglionic parasympathetic neuron</Tissue><Tissue id="Endocrine System_Pancreas_Postganglionic sympathetic vasomotor terminal">Postganglionic sympathetic vasomotor terminal</Tissue><Tissue id="Endocrine System_Pancreas_Preganglionic cholinergic fibre">Preganglionic cholinergic fibre</Tissue><Tissue id="Endocrine System_Pancreas_Preganglionic vagal fibre">Preganglionic vagal fibre</Tissue><Tissue id="Endocrine System_Pancreas_Simple low cuboidal epithelium">Simple low cuboidal epithelium</Tissue><Tissue id="Endocrine System_Pancreas_Stratified cuboidal epithelium">Stratified cuboidal epithelium</Tissue><Tissue id="Endocrine System_Pancreas_Sympathetic secretomotor terminal">Sympathetic secretomotor terminal</Tissue><Part>Accessory pancreatic duct<PartContactOrgan>Head of pancreas</PartContactOrgan><PartContactOrgan>Uncinate process</PartContactOrgan></Part><Part>Body of pancreas<PartContactOrgan>Tail of pancreas</PartContactOrgan></Part><Part>Head of pancreas<PartContactOrgan>Neck of pancreas</PartContactOrgan><PartContactOrgan>Uncinate process</PartContactOrgan></Part><Part>Main pancreatic duct<PartContactOrgan>Body of pancreas</PartContactOrgan><PartContactOrgan>Head of pancreas</PartContactOrgan><PartContactOrgan>Neck of pancreas</PartContactOrgan><PartContactOrgan>Tail of pancreas</PartContactOrgan><PartContactOrgan>Uncinate process</PartContactOrgan></Part><Part>Neck of pancreas<PartContactOrgan>Body of pancreas</PartContactOrgan></Part><Part>Tail of pancreas</Part><Part>Uncinate process</Part></Organ><Organ id="Endocrine System_Pituitary">Pituitary<OrganContacts><OrganContactOrgan>Artery</OrganContactOrgan><OrganContactOrgan>Brain</OrganContactOrgan><OrganContactOrgan>Vein</OrganContactOrgan><OrganContactLumen><LumenConnectedLumen>Lumen of main pancreatic duct</LumenConnectedLumen></OrganContactLumen></OrganContacts><CommonSystem>Circulatory System</CommonSystem><Tissue id="Endocrine System_Pituitary_Anterior Pituitary ">Anterior Pituitary <Cell>Corticotroph<CellContactCell>Corticotroph</CellContactCell><CellContactCell>Gondotroph</CellContactCell><CellContactCell>Mammotroph</CellContactCell><CellContactCell>Somatotroph</CellContactCell><CellContactCell>Thyrotroph</CellContactCell><CellContactLumen>Periplasmic Space of Pituitary</CellContactLumen></Cell><Cell>Gondotroph<CellContactCell>Corticotroph</CellContactCell><CellContactCell>Gondotroph</CellContactCell><CellContactCell>Mammotroph</CellContactCell><CellContactCell>Somatotroph</CellContactCell><CellContactCell>Thyrotroph</CellContactCell><CellContactLumen>Periplasmic Space of Pituitary</CellContactLumen></Cell><Cell>Mammotroph<CellContactCell>Corticotroph</CellContactCell><CellContactCell>Gondotroph</CellContactCell><CellContactCell>Mammotroph</CellContactCell><CellContactCell>Somatotroph</CellContactCell><CellContactCell>Thyrotroph</CellContactCell><CellContactLumen>Periplasmic Space of Pituitary</CellContactLumen></Cell><Cell>Thyrotroph<CellContactCell>Corticotroph</CellContactCell><CellContactCell>Gondotroph</CellContactCell><CellContactCell>Mammotroph</CellContactCell><CellContactCell>Somatotroph</CellContactCell><CellContactCell>Thyrotroph</CellContactCell><CellContactLumen>Periplasmic Space of Pituitary</CellContactLumen></Cell><Cell>XP<CellContactCell>Corticotroph</CellContactCell><CellContactCell>Gondotroph</CellContactCell><CellContactCell>Mammotroph</CellContactCell><CellContactCell>Somatotroph</CellContactCell><CellContactCell>Thyrotroph</CellContactCell><CellContactLumen>Periplasmic Space of Pituitary</CellContactLumen></Cell></Tissue><Tissue id="Endocrine System_Pituitary_Intermediate Pituitary ">Intermediate Pituitary <Cell>Melanotroph<CellContactCell>Melanotroph</CellContactCell><CellContactLumen>Periplasmic Space of Pituitary</CellContactLumen></Cell></Tissue><Tissue id="Endocrine System_Pituitary_Pituitary Capillary">Pituitary Capillary<Cell>Endothelial Cell<CellContactCell>Corticotroph</CellContactCell><CellContactCell>Endothelial Cell</CellContactCell><CellContactCell>Gondotroph</CellContactCell><CellContactCell>Mammotroph</CellContactCell><CellContactCell>Melanotroph</CellContactCell><CellContactCell>Pericyte</CellContactCell><CellContactCell>Pituitcyte</CellContactCell><CellContactCell>Somatotroph</CellContactCell><CellContactCell>Thyrotroph</CellContactCell><CellContactLumen>Lumen of Artery of the Inferior Cavernous Sinus</CellContactLumen><CellContactLumen>Lumen of Capsular Artery</CellContactLumen><CellContactLumen>Lumen of Dural Venous Sinus</CellContactLumen><CellContactLumen>Lumen of Inferior Hypophyseal Artery</CellContactLumen><CellContactLumen>Lumen of Inferior Hypophyseal Vein</CellContactLumen><CellContactLumen>Lumen of Infundibular Artery</CellContactLumen><CellContactLumen>Lumen of Pituitary Capillary</CellContactLumen><CellContactLumen>Lumen of Prechiasmal Artery</CellContactLumen></Cell><Cell>Pericyte</Cell></Tissue><Tissue id="Endocrine System_Pituitary_Pituitary Stalk ">Pituitary Stalk </Tissue><Tissue id="Endocrine System_Pituitary_Posterior Pituitary ">Posterior Pituitary <Cell>Dopamine thRRNeuron<CellContactCell>Pituitcyte</CellContactCell><CellContactLumen>Periplasmic Space of Pituitary</CellContactLumen></Cell><Cell>Magnocellular Neruon<CellContactCell>Pituitcyte</CellContactCell><CellContactLumen>Periplasmic Space of Pituitary</CellContactLumen></Cell><Cell>Neuroendocrine Neuron<CellContactCell>Pituitcyte</CellContactCell><CellContactLumen>Periplasmic Space of Pituitary</CellContactLumen></Cell><Cell>Parvocellular Neuron<CellContactCell>Pituitcyte</CellContactCell><CellContactLumen>Periplasmic Space of Pituitary</CellContactLumen></Cell><Cell>Pituitcyte<CellContactCell>Pituitcyte</CellContactCell><CellContactLumen>Periplasmic Space of Pituitary</CellContactLumen></Cell></Tissue><Part>Artery of the Inferior Cavernous Sinus</Part><Part>Capsular Artery</Part><Part>Dural Venous Sinus</Part><Part>Inferior Hypophyseal Artery</Part><Part>Inferior Hypophyseal Vein</Part><Part>Infundibular Artery</Part><Part>Prechiasmal Artery</Part><Part>Superior Hypophyseal Artery</Part></Organ></System>
  <System id="Integumentary System">Integumentary System</System>
  <System id="Lymphatic System">Lymphatic System</System>
  <System id="Muscular System">Muscular System</System>
  <System id="Nervous System">Nervous System</System>
  <System id="Reproductive System">Reproductive System</System>
  <System id="Respiratory System">Respiratory System</System>
  <System id="Skeletal System">Skeletal System</System>
  <System id="Urinary System">Urinary System</System>
</top>
